"","Best subset","Lasso","Forward stepwise","Relaxed lasso","LS-GD","LS-CRI","LS-CRI.Z","LS-CAR","LS-SIS","Ridge-GD","Ridge-CRI","Ridge-CRI.Z","Ridge-CAR","Ridge-SIS"
"lo",0.203997222222225,0.000924999999998874,0.00197222222222116,0.000941666666665877,0.0268777777777826,0.00105833333333149,0.00103333333333361,0,0.00078055555555421,0.0310777777777729,0.00568333333332914,0.00571111111111433,0,0.0055055555555534
"med",0,0.0036388888888895,0.187888888888874,0.00400555555555179,0,0.0242138888888748,0.0238722222222214,0,0.0127138888888761,0,0.0501861111111116,0.0498555555555607,0,0.0391277777777585
"hi50",0,0.00356388888891312,0.0780666666666245,0.00294999999999365,0,0.023533333333323,0.00826944444443851,0.0125249999999995,0.00367500000000241,0,0.0828805555555831,0.0709694444444262,0.075830555555554,0.0665750000000248
"hi100",0,0.0060861111110997,0.141549999999968,0.00521666666667266,0,0.0532805555555403,0.0241583333333182,0.0373694444444186,0.00488611111111469,0,0.107152777777774,0.0837944444444495,0.0969111111110987,0.0597222222222326
