,GD,CRI,CRI.Z,CAR,SIS
lo,0.026058333,0.000444444,0.000402778,0,0.000141667
med,0,0.012033333,0.011630556,0,0.000236111
hi50,0,0.020908333,0.005583333,0.009547222,0.000305556
hi100,0,0.049091667,0.020119444,0.033436111,0.000433333
